{
    "glama": 0.9428704278881644,
    "mcpso": 0.7105534605674648,
    "official": 0.9514393627979599,
    "smithery": 0.9512154167108217
}