{
    "glama": 0.9436883176656258,
    "mcpso": 0.7082351748948521,
    "official": 0.9527207681243274,
    "smithery": 0.9514857245308501
}