{"glama": NaN, "mcpso": 0.9479196816300449, "official": 0.9724976425576543, "smithery": 0}