{
    "glama": 0.9039333043211982,
    "mcpso": 0.33507038255532584,
    "official": 0.8882985261281331,
    "smithery": 0.8800025327752033
}